normalization	East-West	Dialect	id	year
#Murreviikko päättyi viime viikolla, mutta tässä muutamia fundeerauksia sieltä.  - vallan lystelinen viikko! Ihmiset praakaavat vallan sukkelilla sanoilla ja tavoilla. Hyvä @@ ja muu!	W	SW	1.31560641025688E+018	2020
Päätetään #murreviikko kuvaan, mistä näkee mitä tapahtuu aina, kun mulla on paha mieli ja menen köllöttelemään sänkyyn. [url]	W	TA	1.31530400270005E+018	2020
@@ Siinä katso kyykkypuolue hoitaa kuvittelemiasi fiskaalisia velvoitteita ja vastuita korjaamalla vinoa ikärakennetta taloudellisesti kestävämpään suuntaan. #murreviikko	W	SW	1.31523804563796E+018	2020
@@ @@ No se ei ole noloa että joku terassi on sulki mutta se on noloa että on niin hönö että_ei edes hoksaa kuinka höntti on. John Cleese sanoi asiasta olennaisen tässä: [url] #murreviikko	W	SW	1.31523744092007E+018	2020
@@ @@ Niillä on sama maski (naamari) päällä vuoden ympäri. #murreviikko	W	SW	1.31523605829711E+018	2020
@@ Ei ole mutta kepulaisia on liikaa jos nyt haitallisista ja vaarallisista olioista puhutaan. #murreviikko	W	SW	1.31522259217381E+018	2020
Eilen Aino-corgin kanssa Tuusniemellä. Vedettiin variksia pitkin metsää ja peltoa ja Aino sai jäljestää. Hyvin löytyi saaliit. Mukana oli ohjaaja ja yhteensä 9 corgia omistajineen. Oli kiva päivä, vaikka kuva ei kaikkien mielestä kiva olisikaan. #murreviikko päättyy tähän raporttiin. [url]	E	SA	1.31515183345589E+018	2020
@@ Minä tykkään kaataa puita, pilkkoa niistä klapeja ja polttaa puuhellassa. Oksat minä haketan marjapuskien juurelle tai kompostiin kuivikkeeksi. Onko jollain jotain tätä vastaan? #murreviikko	W	SW	1.31503427244155E+018	2020
Olen ottanut käynnissä olleen murreviikon hämäläisellä otteella:  - Ei nyt tehdä tästä mitään numeroa.  #murreviikko	W	TA	1.31501166600271E+018	2020
Olenko minä nähnyt The Darknessin Tavastialla?[emoji] #elämänibiisi #murreviikko	W	NA	1.31499712921617E+018	2020
Viimeinen viikko on ollut makea, #murreviikko on minun mieleen. Lisäksi olo on kuin ikäihmisellä, katso kun viikon aikana on tullut tehtyä lihakukkoa, kiisseliä, raahattua vanha kiikku kammariin (aina varattu [emoji]) ja aloitettua neulonnat. #syksy #pimeätillat [url]	E	SE	1.31499660305756E+018	2020
Tänään me lähdettiin naisen kanssa metsästämään geokätköä. Löydettiinkin se sieltä. Tämä oli meidän eka kätkö ikinä, jos tästä vaikka tulisi meidän uusi harrastus. Olisi hauska, aina lähteä jonnekin uuteen mestaan etsimään uusia kätköjä. #murreviikko	NA	NA	1.31499339380683E+018	2020
Älkää hyvät ihmiset tapelko. Maalittaminen on pahasta eikä ketään ole syytä blokata. Ottakaahan aperitiivia älkääkä hioko sitä narratiivia noin teräväksi. #somefi #twitterfi #niinpä #gate #blokki #cancel #maalittaminen #retoriikka #yhdyssana #gif #narratiivi #murreviikko	E	SA	1.31495218747526E+018	2020
@@ Mene ja tiedä tuota, kun olen koko päivän maalannut lautoja tuohon aitaan… mutta onpahan nähnyt työnsä jäljet. Tekee kyllä päälle hyvää, kun ei tarvitse mitään miettiä. Vedellä vain maalia pintaan. #murreviikko #mielenterveyspäivä	E	SA	1.31494230619426E+018	2020
#murreviikko on löytänyt verokarhunkin.  [url]	NA	NA	1.31493458239173E+018	2020
Kai maar tämä nyt sopii Aleksis Kiven_päivän ja murreviikon kirjaksi? #murreviikko #aleksiskivenpäivä [url]	W	TA	1.31491037237835E+018	2020
“Kenenkä vain pumpun voi tuomita senkin perusteella, miten tämä eläimiä kohtelee.” - Kantin Immanuel  #Murreviikko [url]	E	SA	1.31490703866585E+018	2020
#Murreviikko päivä kuusi. Tänään kokosin yhteen asioita joita olen saanut palautteena viikon aikana. En ole joutanut tarkasti seuraamaan keskustelua joten tämä ei ole systemaattinen katsaus. Nämä tulevat nyt yleiskielellä jotta en pane (omaa) murretta muiden suuhun. 1/	E	SA	1.31490172313635E+018	2020
#murreviikko  Muista raumalainen: isäsi ja äitisi on meri, sinun veljesi sen tuska ja vaiva. Sinun suonissasi kiertää aina suolainen veri. Sinun taivas on meri ja laiva.  - Tauno Koskela -	W	SW	1.31487914775225E+018	2020
Maailmalla eli Suomessa tapahtuu: suomalaisen kirjallisuuden päivä ja #murreviikko. Tässäpä postauksessa esittelen aivan mahdottoman hyviä suomalaisia kirjailijoita ja heidän teoksiaan. Kerro mikä on sinun suosikkisi suomalaisesta kirjallisuudesta - Lupaan vilkaista läpi!	E	SA	1.3148595298893E+018	2020
@@ No se on kyllä toinen vaihtoehto. Minä kyllä veikkaan lahovikaa kun sellaiselle on ominaista että ulospäin näyttää aika passelilta, mutta sisältä on silkkoa. #murreviikko	W	SW	1.31484299122853E+018	2020
Mahdottoman iso kiitos luottamuksesta. [emoji] Me_olemme niin ylpeitä kun saadaan olla Suomen ja Pohjoismaiden parhain pankki.  #murreviikko #paikallinenpankki [url]	W	SO	1.31483987175683E+018	2020
Meidän piti eilen järkätä lapsen kahdeksanvuotis_synttärijuhlat ulkona, mutta ulkona ripsi. Kaikilla lapsilla oli kuitenkin rönttövaatteet mukana, joten he päätyivät juoksemaan ympäri pihaa sateessa. Rennoimmat tämmöiset bileet muuten koskaan. #murreviikko	NA	NA	1.31483899745845E+018	2020
Se olisi #murreviikko No minä pläjäyttää tän twiitin sitten tänne, että voi pöndet funtsia mitä tuo jäbä horisee. En_minä kyllä mitään vanhaa slangia osaa bamlata, mutta kai tämä nykyversiokin saa jengin vähän edes hiffaamaan että stadissa on oma murre tai vähintään puhekieli. Ei minulla muuta, nähdään	W	HE	1.31482931722294E+018	2020
@@ @@ @@ Siitähän se vasta tora ja pora syttyykin kun kumpikin väittää olevansa omistaja, vaan ei kuitenkaan velvollinen maksamaan määrättyjä rätinkejä. #murreviikko	E	SA	1.3148099710838E+018	2020
@@ Minä olen kyllä vähän kade tuosta Alastalosta. Minä olen jäänyt sivulle 287. Mutta sinä kysyit parasta kotimaista. Minulle se on ollut semmoinen kuin Emmi Pesonen: Maailman kaunein sana. Tykkäsin siitä ihan kamalan paljon. #murreviikko	W	SW	1.314808577304E+018	2020
Siellä keino, hyvinhän se onnisti tuo #murreviikko Minun piti jo välillä taukoa pitää kun alkoi murregeneraattori lukeakin kaiken murteella olipa sillä kirjoitettu tai ei. Vaan hauskaahan tuo oli. [url]	E	SA	1.31480301925982E+018	2020
Hyvää Aleksis Kiven ja suomalaisen kirjallisuuden päivää! Mikä on sinulle paras kotimainen kirja tänä vuonna?  Minä luin vihdosta viimein Volter Kilven Alastalon salissa. En unohda ikinä.  #murreviikko #volterkilpi #pukkila #suomalainenkirjallisuus [url]	E	SA	1.31480081234287E+018	2020
#murreviikko päättyy. Kiitos @@ Ensi vuonna uudestaan. [url]	E	NA	1.31478528004657E+018	2020
Olenko minä ymmärtänyt jotain ihan väärin kun Ylellä oli sellainen lista jossa lukee “Tuoreimmat uutiset” mutta siellä oli kauhean monta juttua Trumpista? #murreviikko #takki	W	SW	1.31469626345202E+018	2020
@@ Meilläpä alkoi loma ja tarkoitus olisi pihahommia tehdä. Kunhan ei vain ruho kipeytyisi äkkiseltään. Ja jos säät loppuviikolla antaa myöten, niin lähdetään metsään retkelle. #murreviikko #omamurre	E	SA	1.31469192199082E+018	2020
Voi sitä näinkin perjantai-iltaa viettää, lukemalla, miten verottaja twiittaa murteilla. [emoji] Kiitos jälleen mahtavasta ketjusta, @Verouutiset! (Minulta on kyllä päässyt tämä #murreviikko unohtumaan!) [url]	E	SE	1.31465330104091E+018	2020
Kyllä nyt on aika pollea olo siitä kuinka fiksu tiimi minulla on ja kuinka luovia asiakkaita meillä on. Herran_pojat että tämä veroviestintä on kivaa![emoji]	W	TA	1.31464913980061E+018	2020
@@ Eikö Forssassa tehdä perunasalaattia? #murreviikko	W	SW	1.31463990345674E+018	2020
@@ Hyvä Helka! Minä olen ollut tosi laiska tämän murreviikon kanssa. Olisiko vähän myös tuota murrekateutta ilmassa, kun oma murre ei ole kovin voimakasta #murreviikko	W	BN	1.31463891313116E+018	2020
@@ @@ Miksi semmoista otusta nykyään sanotaan kuin minä? Semmoista kun tykkää näteistä flikoista eikä niinkään räteistä tai lumpuista? Olenko minä cis-, dis-, eis-, fis- tai gis-hetero? #murreviikko	W	SW	1.31463282878575E+018	2020
@@ Niin aina! Tämmöisestä asiasta kohkaavat vielä pruukaavat itse olla semmoisen näköisiä että täytyy laittaa silmät kiinni ettei verenpainekäppyrä mene katosta läpi. #murreviikko	W	SW	1.3146296641876E+018	2020
@@ @@ @@ Minulle tulee mieleen se kun @@ tässä joku aika sitten kauheasti kohkasi että kuinka on tällainen huono laki että pitää maanteiden keltaisten viivojen päälle laittaa valkoinen maali. Kauhean kallista hänen mukaansa. Olisi varmaan kannattanut avata suu täysistunnossa kun kerran itse oli salissa paikalla. #murreviikko	W	SW	1.3146255602246E+018	2020
@@ @@ @@ Minä selitän sinulle: nämä kokomus(ta)-puolueen työn sankarit ovat keksineet että paatissa on pohjaproppu. Mitä nyt siitä että kaikki voivat hukkua tai ainakin kastua jos saadaan äänestäjille todista että paatti kulkee huonommin ja huonommin. #murreviikko	W	SW	1.31462211904992E+018	2020
Bonjasin juuri että nyt on joku murreviikko. Miten minä nyt millään murteella skriivaan, kun en tsennaa mitään murteita. Dorkaa.	W	HE	1.31462110314754E+018	2020
@@ Miten on mahdollista teloa polvi pyörällä, joka ei liiku mihinkään? #murreviikko	W	NO	1.31462052479491E+018	2020
@@ @@ Onko muuten semmoista että savolainen sanoo “odotellaan” siksi että_ei tarvitse edes yrittää sanoa d-kirjainta? Toisaalta jos oikein kauan odottelee, siinä voi treenata tuonkin taidon! #murreviikko	W	SW	1.3146195100712E+018	2020
Minä en oikein hiffaa mitä jengi skriivaa tällä viikolla täällä Twitterissä. No kuitenkin. Lähdin skidin kanssa pöndelle. Dallataan skutsissa ja käydään fissessä. Huomenna stikataan verkotkin vodaan. Jos fisuja tulee niin skruudataan, loput nakataan mutsille. Sekin diggaa fisuista. #murreviikko #omamurre	W	HE	1.31461673557268E+018	2020
Erityisen mukavaa tässä meidän yhteistyössä on eri murteiden kuuleminen yhteisissä kokouksissa. Oikein rinnassa läikähtää! #murreviikko	W	NA	1.31461578916561E+018	2020
Meikäläisen #pelastapörriäinen kampanja tuli tiensä päähän viime viikonloppuna! #Kiihtelysvaara’ssa on ollut yli tarpeen kärpäsiä. Otettiin vanhat konstit käyttöön.  Siellä roikkuu, viikon saalis...yök [emoji]  #kärpäsnauha’t oli tehnyt kauppansa, kertoi kaupan täti  #murreviikko [url]	NA	NA	1.31461022750173E+018	2020
Vai olisi se kuulemma #murreviikko ! Vaan kyllähän nuo kotoiset itämurteet vielä juohtuu mieleen, vaikka justiinsa tuli 11 vuotta täyteen Helsingissä	E	SA	1.31460729911846E+018	2020
Tosissaankaan tiedä. Käytetäänkö maskia vai köhitäänkö vain päin näköä. Säännöistäkään erkkikään ota selvää. Mutta mennään elämä koronan mukaan. Hymyillään kun tavataan - kukaan ei näekään kun naamat on piilossa [emoji]#murreviikko	W	BN	1.31460657559685E+018	2020
@@ toi iloa tähän päivään! #murreviikko [url]	NA	NA	1.31460418868544E+018	2020
Niin jotta ei minulla nyt muuta tähän #Murreviikko on ole antaa. Meni vissiin sitten vähän #vihapuhe enestojutuksi, mutta sanoisin, että se_on taivaan tosi, jotta näin pitää sanoakin. Hei nyt, minä menen lukemaan kirjaa. 7/7	W	SO	1.3146037945426E+018	2020
Niin että jos sitten jotakin muuta, mistä tykkäät ja joka saa sinut olemaan vähän helluisempi muille täällä Tirpuspalvelussakin. Olisit kuin untuvainen linnunpoikanen, jonka flöfföiset sulat vähän tuulessa heiluisivat. Ei olisi paha mielessä eikä mikään muukaan. Lähestyvä loma vain. #Murreviikko 6/	W	SO	1.31460379282292E+018	2020
Niin että mitä minä toivoisin? No kaikille viheriäistä nurmikkoa ja siihen pehmoinen viltti ja vähän eväitä, kropsua vaikka… Ai niin, mennään kohti mörönpimeää, niin jotta_ei se nyt ole mahdollista. #Murreviikko 5/	W	SO	1.31460379148909E+018	2020
Mitä valtion taloudenpitoon tulee, niin en osaa sanoa mitään. Minä itse yritän ja yritän, ja siinä sivussa meinaa nuppi huuruta, mutta jos_ei yrittäisi, niin pysähtyisihän sitä. En jouda siinä sivussa oikein muuta murehtimaan, mutta kaipa valtio hoitaa loput. #Murreviikko 4/	W	SO	1.31460378981555E+018	2020
Ja kun ne mielipiteet on justiin jotakin sellaisia, jotta akkojen verhat on sitä ja akkojen kirjoittamat viestit on tätä. Jos olisin jotakin mieltä näistä mielipidesankareista, niin tekisi mieli sanoa, jotta liian vähän on luettu ja saatu leikkiä nurmikolla. #Murreviikko 3/	W	SO	1.31460378833503E+018	2020
Täällä Tirpuspalvelussa on taas tärätty niin, jotta_ei ole voinut kuin käydä vähän kääntymässä. Jotta mikä siinäkin on, kun pitää olla joka asiasta jotakin mieltä ja sitten vielä tunkea ne mielenilmauksensa tällaiseenkin kanavaan, joka_on julki ja auki? #Murreviikko 2/	W	SO	1.31460378695509E+018	2020
Minä_olen kyllä ollut vähän saamaton tämän #murreviikko n kanssa, mutta kun on ollut niin kiire, jotta_en ole kissaakaan kerennyt sanoa kuin pitkähäntäiseksi harmaaksi eläimeksi. Jos minä nyt sitten trööttäisin ilmoille muutaman asian, mitkä minun mieltä on painanut. Ensinnäkin… 1/	W	SO	1.31460378528157E+018	2020
Vouti vie, mutta naurattaa mennessänsä. #murreviikko [url]	W	TA	1.31459793484826E+018	2020
Klffa idea, hauskoja twiittejä. #murreviikko	W	HE	1.31459485557051E+018	2020
Voi olla, että Hesarin toimittaja soitti tänään tai voi olla että ei soittanutkaan. No joka tapauksessa kävin ehkä uudelleen ulkona puhumassa puhelimeen. Näyttää siltä, että #murreviikko ylitti julkaisukynnyksen. [url]	E	SA	1.31458828759674E+018	2020
Minä ihan melkein unohdin että on #murreviikko mutta toisaalta twiittaan lähes aina puhekielellä ja sitten tuntuu että jos heitän väliin minä ja sinä sun muuta niin menee se vähäinenkin uskottavuus [emoji]	W	TA	1.31458766004078E+018	2020
@@ @@ @@ Kyllä sinä tukea saat ja praatata siitä, kuten tiedät. Siinä äänestyksessä sitten käy kuin käy. Siihen on vissi syy minkä varten sinun puolue on oppositiossa vänkäämässä. #murreviikko	W	SW	1.31458602158204E+018	2020
#KunOlintyttö kuulin olevani kirahvi, koska olen niin pitkä. Sen takia ei vedetä hartioita kyyryyn vaan seistään rinta rottingilla. Vähän #murreviikko.akin mukaan vielä	W	SO	1.31458174496902E+018	2020
@@ Minä fundeeraan että kyllä presidentti homo saa olla mutta kepulaista ei kyllä enää tule kun kekkoslovakiasta on päästy irti. #murreviikko	W	SW	1.31457475389474E+018	2020
Seitsemän veljestä 150 v. Aleksis Kiven päivä. Minä en tiedä, sanotaanko “minun murteella” seitsemän vai seitsemän ja veljestä vai veljestä ja päivä vai päivä. Olen #murrekameleontti johon tarttuu puhekumppanilta aina jotain enkä osaa kirjoittaa murrettani. #murreviikko	W	TA	1.3145742303239E+018	2020
@@ Onko se nyt aina semmoinen meininki, että jos veroehdotusta yhtään hiukkaakaan menee sorkkimaan, niin palautus siirtyy heti kolmella kuukaudella eteenpäin? #murreviikko	W	SW	1.31457339065367E+018	2020
@@ @@ @@ Niin on. Valitettavasti aikatauluni eivät enää anna myöden toimia aktiivina. Tulipa niitä ongelmissa olevia autettua ja koulutettua uusi nouseva polvi. Ja toisaalta:  “Ei sota yhtä miestä kaipaa!” #murreviikko	W	SW	1.31456973426065E+018	2020
@@ Me eilen fundeerattiin että jos olisi patentoinut sekopäisyyden niin valoisesta talosta tulisi aivan kauheasti rojalteja. Kuinka syvä säkki persuilla mahtaa olla tämmöistä tarkoitusta varten? #murreviikko	W	SW	1.31456930209226E+018	2020
Ei ole todellista? [emoji] Onneksi ei ole syntyjään porilainen vaikka täällä asuukin. Kaikki porilaiset eivät ole tuota mieltä… Vai hetkinen, menikö se murreviikko jo[emoji] [url]	W	SW	1.31456690607502E+018	2020
@@ #Murreviikko on virallisesti lyönyt läpi nyt. [emoji]	E	SE	1.31456672020448E+018	2020
Työhyvinvointipäivän voisi tiivistää murreviikon kunniaksi näin: “Kyllä tuli suu hyvän makuiseksi, kun sai teidän kanssa haastaa”. Ensimmäinen lähitapaaminen seitsemään kuukauteen [emoji] #työhyvinvointi #murreviikko	NA	NA	1.31456625636487E+018	2020
#Murreviikko’kin olisi mutta osaako sitä enää omaa murretta kun tulee niin harvoin puhuttua ja perhe puhuu ihan toisella tapaa. Naurattaa joskus kun kuopus yrittää matkia, mutta se on vaikeaa kun niitä vokaaleja ei tule joka väliin, eikä kaikki konsonantit tuplaannu.	W	NO	1.31455916375055E+018	2020
Jos stadin slangi on sinun murre niin tsekkaa täältä jos löytyisi faktaa sinun tai frendin veroprobleemiin. [emoji] #murreviikko #stadinslangi [url]	W	HE	1.31455902719669E+018	2020
Kyllä maar niin paljon hyvää asiakaspalvelua[emoji] #murreviikko [url]	W	SW	1.31455691307874E+018	2020
#murreviikko on saanut minut tajuamaan, että en osaa puhua mitään murretta. Siis vaikka yrittäisin, ei vain lähde. Toki käytän murteellisia ilmauksia, mutta mikään murre ei oikein tunnu omalta.	NA	NA	1.31455459124627E+018	2020
Oho, #murreviikko on näköjään ottanut ilmaa siipiensä alle. Nyt kaikki kysymään murteilla verottajalta! [url]	E	SA	1.31453878326254E+018	2020
@@ apua onko nyt joku murreviikko? Minä_en ole puhunut murteella yhtään voi hitto	W	BN	1.31453725941324E+018	2020
Tässäpä sitä on oivallista viranomaisviestintää - hauskaa kerta kaikkiaan! #murreviikko [url]	E	SA	1.31453463692046E+018	2020
#murreviikko päätteeksi lapsuusmuisto: Kouvolasta Savon sydänmaille tullessa huoltoasemalla savolaisukko päivitteli kynnykselle rullaantunutta mattoa: No jo on tuohonkin tällätty surmanloukku! Tuohon kun kaatuu ja lyö päänsä niin on se rätkässä.  Silloin tiesi tulleensa perille. [emoji]	E	SA	1.31453199268024E+018	2020
Vinkatkaa hei parhaat sarjat/leffat/podcastit yms missä voisi kuulla Turun murretta [emoji] Tämä murreviikko saa minut haluamaan vain lisää. Tässähän alkaa vain toivoa että murreviikko jatkuisi vaikka kuinka paljon pidemmälle.	W	SW	1.31453100917886E+018	2020
#murreviikko ja #asiakaspalveluviikko ja mitäpä sitä muutakaan @@ tehtäisiin kuin neuvottaisiin asiakkaita murteilla [emoji]. Viihdyttävin ketju pitkään aikaan! [url]	NA	NA	1.31452797116892E+018	2020
Aika spulit bläägät on, kun bamlaavat täällä #murreviikko meinasin saada slaagin, että skiglaako ne nyt taas ihan skönellä. Mutta kun funtsin niin, tekee gutaa, kun voi frogata jos ei snajua jotain blankettia tai skriivattua buffaa. #asiakaspalveluviikko #verohallinto [url]	W	HE	1.31452374910282E+018	2020
@@ Oletko sinä muistanut tarkistaa vero asiat kuntoon? Verotoimisto voi selvittää sitä varten [emoji] #murreviikko	W	NO	1.31452358497976E+018	2020
Luin bell hooksilta kaksi kirjaa ja kirjoitin blogiin pikkuisen tavallista pidemmän ja innostuneemman jutun. Aina joskus saattaa käydä niin, että lukiessa inspiroituu ajattelemaan vaikka omaa elämää.  #blogihommat #kirjatwitter #murreviikko  [url] [url]	E	SA	1.31451704381582E+018	2020
Saatiin @STNDigiIN-hankkeesta @@ ja @@ vieraaksi kertomaan hankkeesta ja sen tuloksista. Digisyrjäytymisen ehkäisy on ensiarvoisen tärkeää, kun julkisia digitaalisia palveluita pykätään. Huolehditaan siis digiosaamisesta (#digituki) ja palvelujen käytettävyydestä.  #murreviikko	W	SW	1.31451030227325E+018	2020
Onko mitään lappuja? Tilaajavastuutarkastus taipuu myös Turun murteelle. #tilaajavastuu #murreviikko #turku @@ [url]	W	SW	1.31450623621854E+018	2020
Minulla on aina ollut pieni ongelma murteen kanssa. Elin pienenä mummon karjalanmurteen ympäröimänä, mutta kävin koulua samassa paikassa kuin Hyypiän Sami. Että ihan kotoisa olo tulee, kun Sami höpäjää kuusaata telkkarissa.  #murreviikko	E	SE	1.31450565146964E+018	2020
@@ @@ Sitten voi tietty miettiä sellaistakin että onko Suomi ollut aikaansa edellä muita maita siinä että on täysi sukuelin presidenttinä. #murreviikko	W	SW	1.31450328620505E+018	2020
Käynnissä on sekä #murreviikko että #asiakaspalveluviikko, joten luonnollisesti - ei_kun siis totta maar - vastaamme asiakkaiden kysymyksiin murteilla. Kyllä_näin_on ja ei_sen_väliä. [url]	W	TA	1.31449618518976E+018	2020
Kuinka muuten menee noin @@ puolueen näkökulmasta? Ei mitään kommenttia olisi? #murreviikko [url]	W	SW	1.31449316109659E+018	2020
Sitten on tämä klassikko: “Ei tässä renkaassa ole sisäkumia, kun se on tubelessi, tässä renkaassa on_vain niin_kuin ulkokumi.” #murreviikko [url]	W	SW	1.3144850050166E+018	2020
@@ Vaan liekö kukaan huomannut, että tuossa minun twiitissä, on mennyt vokaalit ja konsonantit sekaisin.. #murreviikko	E	SA	1.31448463407657E+018	2020
Kuultua #tyrvää’läisessä mm. työvaatteita myyvässä kaupassa: “Kyllä gore-texi on lokakuussa erinomainen!” #murreviikko #sastamala	W	TA	1.31448344844741E+018	2020
Ai prk, nythän on murreviikko.  Minulla kun melkein kolme vuosikymmentä meni noiden pelikoneiden ja kasinoiden kanssa vääntämiseen, niin nytpä minä olenkin alkanut ottaa semmoisen linjan, että enää ei olla hiljaa ja itsekseen.	E	SA	1.31447517045579E+018	2020
#Digiturvabarometri on vielä auki! Vastaisit siihen! Ei kestä kauhean kauan aikaa eikä ole kamalan vähti, mutta siitä on paljon hyötyä kun fiskaalit pykäävät turvallisempaa digiä.  #murreviikko [url]	W	SW	1.31447503117969E+018	2020
Miten nämä Jyväskylän puolitoistaiset vokaalit pitäisi kirjoittaa? #murreviikko	E	SA	1.31447480672163E+018	2020
kohta on murreviikko ohi ja hei mitä se sellainen olisikaan jos_ei nyt kerran edes porilainen vähän jostain närkästyisi ja alkaisi vääntää kränää  että nakkikiskalla tavataan, vittu	W	SW	1.31447428006373E+018	2020
#murreviikko hämmentää. Minä kun olen kasvanut ja asunut niin monella murrealueella niin mitä murretta minä edes puhun? Laitan saunan lämmitä ja kylven siellä vastalla, mutta tien reunassa on rotvalli, meen kotiin, niin etkö_sinä ymmärrä [emoji]	W	TA	1.3144725423511E+018	2020
@@ Tämä on jo vanha: Mistä tietää että Mao Zedong on käynyt Savossa? No Kuopion torilta on löydetty Madon syömä omena. #murreviikko	E	SA	1.31447186595666E+018	2020
Hyvää perjantaita! Meinaa vähän niin_kuin väsyttää eli pitäisi vissiin kahvia tai teetä lähteä keittelemään. Kivaa murreviikkoa ja viikonloppua kaikille! #murreviikko #kahvia  #oulunmurre	W	NO	1.31447024699306E+018	2020
@@ Olet ihan oikeassa, murre ei ole sellaisenaan mikään vitsi. Ihan liian usein murretta tuodaan esille vain huumorimielessä. #murreviikko	E	SA	1.31446812625651E+018	2020
Fundeeraapa tulisiko mieleen #murrevitsi!  Minä_en hoksaa vaikka freistaisinkin.  Minulla_on itsellä enempi semmoinen pyrkimys että omaa kieltä voisi käyttää vakavienkin, ja tavallisten asioiden kertomiseen. Kun se_ei_ole se etteikö osaisi, vaan se että kun ei pruukata.  #murreviikko #meänkieli [url]	W	BN	1.31446758360993E+018	2020
Kaikissahan minä, kaikenlaisissa töissä olen ollut. #murreviikko #veroinfo [url]	W	TA	1.31446722764364E+018	2020
#murreviikko sujuu ilman että edes yritän, vaikka vähän väärällä murteella. Just lähti työkaverille kutsu projektityöpalsuun.	W	TA	1.31445585985081E+018	2020
“No ne_on ollut OmaVerossa vasta vuodesta 2018, että sitä aikaisemmat sinulla pitäisi olla itsellä tallessa. Saat sinä ne meiltäkin tilattua, mutta se sitten kustantaa pikkaisen.”  @@ vastaa murteilla. Tämä toisi kyllä asiakaspalveluun inhimillisemmän sävyn missä vaan! #murreviikko [url]	W	SO	1.31445237635128E+018	2020
Ai että, nyt on kova!  #murreviikko  Kysymys: Ei sen_väliä, mutta milloin ne kuntien verotuksen prosentit tarvitsee ilmoittaa?  #verotus #verorahoitus #kunnallisvero [url]	W	TA	1.31444787187859E+018	2020
Se onkin jo viides päivä #murreviikko’a. Vieläkö jaksatte? Kerätäänkö tänään vaikka murrevitsejä, sellaisia kuin “Suomen kaunein koirarotu on Turun murre”? Yksi minun isäni suosikeista oli tämä: Ensin mentiin saunaan ja sitten syötiin vasta. Lopuksi pantiin ruuan päälle maata. [url]	E	SA	1.31444696007886E+018	2020
Markkasen poika Wille se osaa näpsäyttää kauniit kuvat Kuopiosta. Ensi viikolla syyslomaa. Kipitelkää Puijolle. Nauttikaa maisemista, juokaa kuppi kahvia ja samalla katsokaa Sohaib Khanin valokuvanäyttely jossa meidän @@ naiset. #murreviikko #Kuopio [url]	E	SA	1.31443694019268E+018	2020
@@ @@ @@ @@ Se on sitä kapitalismia se! #murreviikko #takki	W	SW	1.31433839932364E+018	2020
@@ Kuinka sinulta nyt jo pukkaa pötköä? Etkö_sinä syönyt hernesoppaa vasta päivälliseksi? #murreviikko	W	SW	1.31433611249678E+018	2020
@@ Niin hieno että sinun on ihan pakko alkaa tekemään akkoja yksinäisille miehille Vilperin Perikunnan reseptillä! #murreviikko [url]	W	SW	1.31432673857133E+018	2020
@@ Sillä kun lappaa soppaa suuhun niin ei lopu heti syöminen! #murreviikko	W	SW	1.3143252591312E+018	2020
@@ @@ Minulla on ja ollut sellaisia opettajia joista pruukattiin sanoa että oltiin psykon tunnilla! Kyllä maailma on pieni! #murreviikko	W	SW	1.31431277427791E+018	2020
Nimimerkki Ano Nyymi laittoi yksityisviestiä ja kysyi että mikä sinä olet tuollaista sanomaan. No minä kerron: mänty koivu on sellaisia että erilaiset sienet lahottavat niitä mistä sattuu. Mutta kuusi - se on aina tyvestä laho jos ylipäänsä on. #murreviikko	W	SW	1.31430936239608E+018	2020
@@ Kuinka olisi muuten että jos tuhoaisi magnetismin viemällä Väyrys-Paten lähelle noita levyjä? Sillä pyöri kompassin neula sillä_tavalla että siinä on pakko magneettikentän olla yksi sambakarnevaali! #murreviikko	W	SW	1.31430612733779E+018	2020
@@ @@ Jos tulee siinä määrin maittavaa että alkaa maha kasvaa niin sanokaa ruokarukouksen sijasta selkeällä äänellä: Pasta on magaroni!  Sitten passaa katsoa kuinka nälkä on. #murreviikko	W	SW	1.31430234227623E+018	2020
	W	SW	1.31430108600249E+018	2020
@@ @@ Ei sillä katso ole mitään väliä kun rahvas on sitä mieltä että maski kuin maski. Suojausluokan tihrustaminen ja manuaalin lukeminen on niin vanhanaikaista nykyään. Se on kyllä hienoa että on sellainen kuminauha maskeissa. Kummoinen poru siitä nyt tulisi jos joutuisi ihan itse so,mimaan semmoisen! #murreviikko	W	SW	1.31429808865219E+018	2020
@@ Fundeerasi kuinka rikas olisi jos olisi patentoinut sekopäisyyden? P-Amerikastakin saisi valkoisesta talosta kauheat rojaltit! #murreviikko	W	SW	1.31429438786263E+018	2020
@@ Minä fundeeraan niin_paljon_kauheasti että eikö Eirassa ole lainkaan semmoisia kapistuksia kuin meillä on ollut vaikka kuinka kauan. Niitä verotettiin kauan sitten pinta-alan mukaan. Ikkunoita verotettiin ja pinta-alan mukaan mutta minä tarkoitan peiliä! #murreviikko	W	SW	1.31428930799428E+018	2020
@@ @@ @@ @@ @@ Niin aina. Sikseen - niin_kuin V-Suomessa pruukataan sanoa. #murreviikko	W	SW	1.3142862669477E+018	2020
Minun lapseni on tulossa kotiin. Ai kun minä toivon jotta hän matkustaa turvallisesti eikä tuo meille mitään tauteja sieltä Hämeestä.  #murreviikko	E	SE	1.31426947632669E+018	2020
@@ @@ Minä olin siellä kanssa. Huomasitko? Näet koko päivän paiskin hommia siellä vuorovaikutusvyöhykkeellä. #mansesta_näet #murreviikko #tampereen_kieli	W	TA	1.31426825370386E+018	2020
@@ Se on ihan hyvä syy. Minulla on sellainen ongelma sen putiikin osalta kun pitäisi olla melkein hitsarinlasi silmien edessä että_ei evankelinen valo aivan häikäise. Mutta_kun ne päässä ei näe kulkea ja kakkulat ei passaa yhteen kaasumaskin kanssa. #murreviikko	W	SW	1.31426808016456E+018	2020
@@ @@ Niin aina! Sinä sen sanoit! Kahta en vaihda: toinen on puhelinmarkkinointikielto ja toinen on… #murreviikko	W	SW	1.31426198258599E+018	2020
@@ Mitä vilunkia sinä olet mennyt tekemään kun piti mennä käymään piruntorjuntapatteriston staabissa? #murreviikko	W	SW	1.314261433732E+018	2020
@@ @@ @@ No pitää tietenkin muistaa että nuo kartat kuvaavat aina vanhoja murteita, monien kymmenien vuosien takaista tilannetta. Onhan näin kätevä sanontatapa ehkä voinut levitä laajemmalle. #murreviikko	E	SA	1.3142498357726E+018	2020
@@ @@ @@ @@ Ihan mahdottoman upeita luikautuksia täällä Luikauttimessa! Jotta ei voi sanoa etteikö osattaisi puhua aiheesta ja aiheen vierestä. #murreviikko @@ @@ @tapiomaatta Olisiko meidän rehtorilla Määtällä mitään lisäämistä tähän?[emoji]	E	SA	1.314235194229E+018	2020
Ihan mahdottoman upeita murre-aiheisia luikautuksia täällä Luikauttimessa!  @@ #murreviikko @@ @@ Olisiko meidän rehtorilla Määtällä mitään lisäämistä tähän? [url]	E	SA	1.31423242799328E+018	2020
Näyttääkin nyt valitettavasti siltä, että_ei #pormestarimalli’a saada tällä valtuustolla valmiiksi, mutta päätöksen siirtäminen ja jättäminen vaaliteemaksi ei ole järkevää. Joku päätös valtuuston hallintosäännöstä tehtävä. 4/4 #lahti #lahtivaltuusto #murreviikko	W	NA	1.31415658949073E+018	2020
Toisaalta, kokoomuksen kannatus ei ole näyttänyt nousevan ja Lahdessa ne on tänä vuonna menettänyt jo kaksi valtuutettua perussuomalaisille, jotka on koko ajan vastustanut #pormestarimalli’a. Pelko äänien ja ehdokkaiden valumisesta PS:lle on aito. 3/4* #lahti #lahtivaltuusto #murreviikko	W	NA	1.31415658821161E+018	2020
Just maanantaina perustettiin valtuustossa tilapäinen valiokunta arvioimaan kahden kokoomusvaltuutetun luottamusta. Tuon päätöksen valossa voisi ajatella tämän irtioton olevan kosto ja erityisesti demareita kohtaan. 2/4* #lahti #lahtivaltuusto #murreviikko	W	NA	1.31415658707494E+018	2020
Lahden kokoomus ilmoitti eilen irtautuvansa #pormestarimalli’sta. Tiedotteen suurin kritiikki kohdistuu SDP:een eikä niinkään pormestarimalliin. En ole täysin yllättynyt vaikka näin rajua irtiottoa en osannut aavistaa. 1/4* #lahti #lahtivaltuusto #murreviikko	W	NA	1.31415658582494E+018	2020
Kuulostaa tutulta? [emoji]  Omaa ajattelua rajoitetaan usein sillä kun päällysihmiset vahtii joka ripsausta mihin aikasi käytät  #murreviikko [url]	E	SA	1.31414162180667E+018	2020
@@ Kerran minä en meinannut saada keksittyä esitelmässä yleiskielistä selitystä punteille. Hetken jalkoihin tuijottelun jälkeen minä sitten keksin niiden olevan lahkeet. #murreviikko	W	SW	1.31412387523248E+018	2020
@@ Pahki on niin hyvä sana, vaikea ymmärtää miten ihmiset voi tulla toimeen ilman sitä [emoji] #murreviikko	E	SA	1.31412138471768E+018	2020
@@ @@ Tästä kartasta näkee missä tätä “käyn lehdet” ilmausta on vanhoissa murteissa käytetty: [url] On sitä ollut muuallakin kuin Pohjois-Karjalassa mutta itselleni ei ole Kainuusta tuttu. Ja onhan tämä voinut levitä laajemmalle myöhemmin.	E	SA	1.31411877472393E+018	2020
Miten voit osallistua uuden iPadin arvontaan? No, mepä kerrotaan! 1. Ole meidän POP Pankin asiakas. [emoji] 2. Autotallistasi pitäisi löytyä jonkunlainen pirssi.[emoji] 3. Räknää pirssivakuutukselle hinta ja käy täyttämässä kysely.[emoji]  [url]  #murreviikko #paikallinenpankki	W	SO	1.31411405049893E+018	2020
Neljäs päivä #murreviikko’a Tänään kysyn että onko muillekin käynyt niin että luulette jonkin sanan olevan yleiskieltä ja sitten selviää että ei olekaan. Minulla tällaisia sanoja ovat esimerkiksi sanko ja luuttu (yleiskielessä onkin sanko ja luuttu). [url]	E	SA	1.31411215526492E+018	2020
Minä olen taas värkännyt käden- ja varpaanlämmittimiä #Asunnottomienyö|tä varten. Olen pruukannut antaa ne @EHYTry|lle, vaan he ei nyt organisoi jakelua, kun on tuo #koronakehveli. Juolahtaako mieleesi muuta tahoa isolla kylällä (Hki), jonne minä voisin niitä viedä? #murreviikko	E	SE	1.31408267184112E+018	2020
Kyllä tänään työpäivä meni nopsasti, kun oli kaikenlaista hommantouhua ja piti palaveerata vaikka mistä. Yhtään kekkeruusia ei tullut vastaan ja hommat hoitui noileasti. Semmoista kiirusta on pitänyt, että telkkariakaan en ole ehtinyt töllätä lainkaan # murreviikko	W	TA	1.31393575082468E+018	2020
#murreviikko En minä oikeastaan mitään murretta oikein puhu, Hämeestä olen kotoisin. Yksi turkulainen kyllä huomasi opiskelijabileissä että_en puhu turkulaisittain, mutta jostain syystä luuli että olen Pohjanmaalta.	W	TA	1.31393049884724E+018	2020
“Otatko sinä kahvia, ennen_kuin lähdetään metsään?” “Ei minua varten tarvitse. Katsopa_kun minä join justiin kotona.” #murreviikko	W	NO	1.31392420283613E+018	2020
@@ @@ Minun_mielestä kyllä tuommoinen kieli vaatii puhujaltansa kamalan paljon. Täytyy olla kauhean nopea suustansa. Murreviikon hengessä tässä mennään… #murreviikko	W	TA	1.31392189147687E+018	2020
@@ Hesasta muutin Varkauteen v.95. Kun palasin Hkiin tätini luo kylään, hän pyysi käymään kauppaan. Vastasin että en kahtaa käydä. Sitten vatvottiin mitä tarkoitin. Sitten vasta tajusin että suomessa on murretta. Kieli tarttunut eniten puhumalla. #murreviikko	E	SA	1.31392068571939E+018	2020
@@ Kiitosta vain, tarvitsee taas sitten ottaa osaa. Karmean kiva juttu, tattista vain.	W	TA	1.44724319175797E+018	2021
Siinähän se on murreviikko taas mennyt. Kiitokset kaikille mukana olosta ja vuoden päästä uudestaan, eikö niin?	E	SA	1.44720456553165E+018	2021
#Murreviikko päättyy maailman mielenterveyspäivään. Saa juhlistaa ja koreilla, mutta auttaakin passaa vaikkapa höllentämällä kukkaronnyörejä jos vain suinkin [url]	E	SA	1.44708395837474E+018	2021
Murreviikon kunniaksi #eurajokinen hetki per päivä. Viimeisenä lämpöinen muisto varhaisteini-iästä: “Lainaa sinä vaarin tillukkaita, kun kyllä ne sinulle jo sopii.” #murreviikko	W	SW	1.44708322155708E+018	2021
Minä eilen hankin ajankohtaista lukemista murreviikon viikonlopulle.  #murreviikko #akuankka [url]	W	TA	1.44676310540981E+018	2021
Me täällä Tampereella ollaan edelläkävijöitä ja rakennetaan jo tulevaisuutta! Tässä meidän rehtori Tapio Kujalan mietteitä.  #Murreviikko [url]	W	TA	1.44676237599099E+018	2021
Murreviikon ja siskoni häiden kunniaksi #eurajokinen hetki per päivä. Ajalta, jolloin ajokorttini oli tuore ja kuskasin sukulaisiani enemmänkin. Isäni: “Aja sinne oven eteen vain, kun tulee niitä krämppikonttisia.” #murreviikko	W	SW	1.44672083373346E+018	2021
#murreviikko kunniaksi vanha Alias-anekdootti:  Minä (pohjoiskarjalainen): *nostan kortin jossa sana SOKKOTREFFIT* Minä: No tämä on semmoinen kun on kaksi ihmistä eikä ne tunne toisiaan ja sitten ne tapaa toisensa ja…  Pari (jyväskyläläinen): SALAMURHA!	E	SA	1.44665397755535E+018	2021
@@  Minusta on aika helppo lukea eri murteita, mutta itse kun kirjoittaa niin pitää miettiä, että kuinka tarkasti sitä viitsii transkriboida.	W	NO	1.44654009338948E+018	2021
@@ Minun sydämelle on ainakin tehnyt tosi hyvää nähdä eri murteita kirjoitettuina! Olisin itsekin halunnut twiittailla enempi, mutta en sitten ole kehdannut, kun jotkut on sanonut, että #murreviikko on ihan pöljä. :(	W	NO	1.44653992225344E+018	2021
Ei ole tyhmempi slogan almamaterilla. Hitaana pohjoispohjalaisena äkkäsin vasta junassa kun kotiin menossa. #murreviikko [url]	W	NO	1.44651478853693E+018	2021
Se on #murreviikko! Mitähän minä kirjoittaisin..! Vaikka sen uuden Bondin keskipohjalaiskäännöksen, joka olisi jotakin, että “Ei jouda kuolla”. #notimetodie	W	NO	1.44646632410488E+018	2021
@@ Onhan sitä vähän vaikea lukea, mutta minä kyllä tykkään! Murteet on niin parasta [emoji]	E	SA	1.44642883636783E+018	2021
Kyllä on Pohjanmaallakin taas tällä viikolla keitelty kahvia. Ja otettu kuvia, hiki päässä. #murreviikko [url]	W	NO	1.44641982653738E+018	2021
@@ Minä luulen että tässä on kyse myös siitä, miten tunnettu murre on ja montako sitä puhuu vaikka telkkarissa. Kummeli pitää tätä meidän murretta hengissä.	W	TA	1.44639091647498E+018	2021
@@ Mukavaahan tämä on! Ja mitä se semmoinen höpinä on; ihmisethän lukevat sitä ihan tolkutontakin kirjoitusta, jos siellä vaan jotakin älyä vähänkään välissä on. Kun niitä semmoisia testejä on, että saatko sinä selvää vai et, tiedättehän te? Saati sitten näitä murteita, nämähän on rattoisaa lukemista!	E	SE	1.44638719866899E+018	2021
@@ @@ @@ Niin, se melkein pitää ääneen lukea jotta pääsee kärryille että mitä ne meinaavat. Vaan mukavahan se on lukea erilaisia murteitakin. Ja sitten on meitä kaksimurteisia, niin_kuin minä, jonka arkimurre on vaan tätä perushelsinkiläistä minä-sinä-juttua.	E	SA	1.44638672035895E+018	2021
Näemmä #murreviikko toteutuu melko tolkusti Bluetoothilla. Kletzmeriä ( #kletzmer ) ihan Oulun murteella, mitä nyt yksi kirjoitettu vähän sinne päin. Kolmekymmentäyksi sen pitäisi olla. [url]	W	NO	1.44638511579445E+018	2021
@@ Lisää vain löylyä kiukaalle, ei kun siis lisää vain kaikkia Suomen murteita joka puolelle.  Joitakin saattaa semmoinen yhtäkkinen kirjava ja monipuolinen murretulva ärsyttää, mutta so not, sanoi mummo hangessa, vai miten se nyt menikään…	W	NO	1.44637266572864E+018	2021
Pidetään niistä pääkopista huolta. Jopa tämmöisen hitaan hämäläisen pää voi ruveta savuamaan ihan huomaamatta. #Murreviikko [url]	W	TA	1.44637201277617E+018	2021
@@ Kivaa aivojumppaa!	NA	NA	1.44636927663035E+018	2021
Murreviikkojen aikana olen usein kuullut että murteella kirjoitettua tekstiä on vaikea lukea ja puhuttua murretta ymmärtää helpommin. Varmasti näin on, koska murteet ovat eläneet puhuttuna. Mutta kyllä näihin murreteksteihinkin voi tottua jos niitä enemmän lukee. [url]	E	SA	1.4463686702724E+018	2021
Murreviikon kunniaksi #eurajokinen hetki per päivä. Seminaarin metallityöluokassa kuultua: “Onko sinulla laillisenkokoinen avain lainkaan?” “Täh, siis, voiko se olla laiton?” #murreviikko	W	SW	1.44635844640894E+018	2021
Moro! Meille tänne TAMKkiin voi hakea myös tuon avoimen väylän ja siirtohaun kautta. Nyt kuulkaa olisi tarjolla jopa 38 avointa hakukohdetta! Vielä kerkeää, haku päättyy 15. päivä klo 15. Eikö olekin helppo muistaa! Nyt_vain tutustumaan tarjontaan.  #Murreviikko [url]	W	TA	1.44635483514674E+018	2021
@@ Minä se pruukaan praatata joka viikko Tornionlaakson murteella. Yrittänyt löytää kadoksissa olleita sanoja Ämmin ja äijän aikaisia. En vain ole kaikkia löytänytkään, mutta hyvin paljon jo.	W	BN	1.44633921952641E+018	2021
Mutta se on selvää, että ilman murteita suomen kieli olisi paljon köyhempi [emoji]. Hyvää #murreviikko’n jatkoa! (2/2)	W	SW	1.44615265091185E+018	2021
Nyt on #murreviikko. Minä olen koko viikon miettinyt, että mitä ihmettä minä kirjoittaisin. Kun minä en oikein enää tiedä, mitä murretta minä puhun. Vanhempien kanssa toimitellaan ilmajoeksi. Muuten kai minä puhun lähinnä turun murretta, mutta se on vaan minun adoptiokieli. (1 / 2)	W	SW	1.44615179107533E+018	2021
@@ . “Mistä sinä tiedät, että jokin ihminen on ekstrovertti? No, se katsoo nähdessänne sinun kenkiäsi eikä omiaan”  [url]	E	SA	1.44608991149764E+018	2021
Minulla teki niin mahdoton kolmihokkaista mieli, että täydyin lähteä kauppaan, vaikka tiesinkin, että_ei suinkaan niitä Helsingissä myydä. No minä että otanpa sitten fleetaa, vaan ei ollut sitäkään. Klassipaketin kanssa palasin kotiin. No, kläpit sentään tykkää. #murreviikko #ruoka	W	BN	1.44607023659219E+018	2021
@@ Minun kaveri muutti ulkomailta lapsena tuonne Kainuuseen. Oli huvittavaa, kun opetteli kieltä murteiden keskellä. Murre tarttui, mutta toisaalta tarttui väärinkin, kun tuplakonsonantteja meni vääriin kohtiin. Varmasti tuo omat haasteensa murteet!	E	SA	1.44599760080564E+018	2021
@@ @@ @@ @@ @@ Läpällä tehty. Siinä on freistattu pitää lystiä tuon meidän Väylänvartisten kuuluisan hoon kustannuksella tukkimalla sitä joka paikkaan. Eikä se mitään, kun sen tietää.	W	BN	1.44599747077381E+018	2021
Murreviikon kunniaksi #eurajokinen hetki per päivä. Toinen mummoni kesäkuulumisineen: “Virtaska kastui kun niiden paatti osui kaksosten kivelle siinä ihan verkkokarin edessä.” #murreviikko	W	SW	1.44599605824963E+018	2021
En ole joutanut paljon visertelemään, kun on tuo sisko täällä kylässä Amerikasta käsin ja äitikin tuli eilen junakyydillä kylille. Tiedossa on sukulaisissa ramppaamista ja ankaraa kortinpeluuta! #murreviikko	E	SA	1.44599221622108E+018	2021
Muista tsiigata #tilaajavastuu brujut! #murreviikko #stadinslangi [url]	W	HE	1.44599077365322E+018	2021
Tänään voisi puhua siitä miten vieraskieliset oppii suomen murteita. Minkälaisia kokemuksia siitä? [url]	E	SA	1.4459881779033E+018	2021
Joko muuten @@ on bongannut #murreviikko’n? Entäpä meidän koulutustuen?	W	NA	1.44598610875247E+018	2021
Kyllä junassa on ihmisen hyvä tehdä töitä rauhassa. Saa mietiskellä ja tuumailla, katsella #maaseutu’a, juoda kahvia ja syödä puuroa. Ja huomenna sitten hyvin valmistautuneena vetämään #järjestökoulutus’ta. #murreviikko [url]	W	NO	1.44598493041314E+018	2021
Minä tein paahtoleivän ja karpalo-cashew-leivän. Hapanjuurella, tietysti[emoji]. #itsetein #murreviikko #martat [url]	E	SE	1.44583377449998E+018	2021
&lt;3!  #Verottaja goes #murreviikko.  Meillä_on maailman paras verokarhu. Oikein semmoinen pörheä, pehmeä nallukka, niin! [url]	NA	NA	1.44579165788305E+018	2021
Minulla ei ole usein täällä sanottavaa, mutta nyt käyn väittämässä, että minä olen Oulun murteen lähettiläs täällä Keski-Suomessa. #murreviikko	W	NO	1.44576911258033E+018	2021
Ja katso, asia on sillä_tavalla kuin haastettiin tarkastuksella. Useasti käy sillä_viisiin että lakia ei ole noudatettu ajallaan. Minulle on annettu valta valvoa tätä asiaa täällä etelä-karjalassa ja muuallakin. #tilaajavastuu #murreviikko #ekarjala [url]	E	SE	1.44571152766791E+018	2021
Meidän fyssariopiskelijat ja ruotsinkielisen @ArcadaUAS’n opiskelijat etäili yhdessä keväällä. Opiskelijat puhui sekä suomea että ruotsia, ja tekivät yhdessä harjoituksia. Mitä sanotte, pitäisikö opintoihin lisätä tampereen murre? #TAMK #Arcada #Murreviikko [url]	W	TA	1.44570942186727E+018	2021
Tänään minä olen palaveerannut työsuojelutarkastajien .@@ ja .@@ ja muutaman muun ne_olikaan kanssa että miten me nyt oikein lähetettäisiin nuo tarkkarit sähköpostissa, mitä kaikkea tarvitsisi ottaa huomioon #murreviikko	W	TA	1.44570866530284E+018	2021
Joku murreviikko nyt?  Talvikelit tulossa. En perusta lookaamisesta, katso_kun looka pruukaa käydä kopiksi kiviin.  (Juu en 18 vuoden aikana ehtinyt tuota murretta kunnolla oppia)	W	NO	1.44570394401815E+018	2021
#murreviikko kunniaksi ehdotan uuden James Bond-elokuvan savokarjalaiseksi väännökseksi: Kun ei tässä edes kuolla ehdi!	E	SA	1.44570014623525E+018	2021
Minä olen kanssa yksi junttapulla, kun minä unohdin kiittää .@@ :sta hienon seminaarin järjestämisestä. Kiitos sinulle kauheasti kun pidät meidät ajan_tasalla näistä asioista. #murreviikko [url]	W	SW	1.44567636209048E+018	2021
@@ Juu näin on. Semmoisen kekkeruusin sanomisilla ei ole mitään väliä #murreviikko	W	TA	1.44567553926032E+018	2021
Minä en ole vielä törmännyt siihen että joku olisi minun murteesta kateellinen. Kun en tiedä puhunko edes enää murretta vai tavallista puhekieltä vain murteella höystettynä. Mutta minun mielestä meidän murteessa on kaikkein kauneimmat pronominit: minä, sinä, hän, me, te, he. [emoji] [url]	E	SE	1.44564655597797E+018	2021
Yritän tässä juuri tuottajalleni argumentoida, että koska on murreviikko, meikäläisen kuuluisi haastella ihan helvetin leveää savoa jonain päivänä.	E	SA	1.44564265966669E+018	2021
Murreviikon kunniaksi #eurajokinen hetki per päivä. Lähikauppaan minut lähetetty usein sanoilla: “Maitoa, leipää ja juustoa.” #murreviikko	W	SW	1.44563367050566E+018	2021
@@ Meitä on minunlaisia jotka ovat keskisuomalaisten vanhempien Uudellamaalla tekemiä ja Satakunnassa kasvattamia. Aikuisikä on mennyt lähinnä Pirkanmaalla. Pitäisikö tässä vääntää viitasaarelaista, säksättää kuin porilainen vai onko se parempi vain alkaa tamperelaiseksi?	NA	NA	1.44562708530156E+018	2021
Minun_mielestä kieli kertoo kamalan paljon. Jotkut puhuu hienosti vaikka nyt savoa ja jotkut taas porilaista. Työasioista voi puhua ilmankin, mutta minun puhe kääntyy aina tampeeksi viimeistään silloin kun_minä puhun jääkiekosta! #Murreviikko [url]	W	TA	1.44562691044942E+018	2021
Minulla murteen puhuminen vaatii kaveria. Savo menee aivoissa päälle, jos muutkin puhuu savoa. Yksinäni puhun tylsää yleiskieltä. #murreviikko	E	SA	1.44562669604918E+018	2021
Yksi tuttu kehitti sellaisen termin kuin “murrekateus”. Kaikilla muilla on kuulemma takataskussa murre, jota voi sitten murreviikolla käyttää, ja hän sanoi olevansa kateellinen tästä. Ovatko asenteet murteita kohtaan muuttuneet, kun murre aiheuttaa tällaisia tunteita? [url]	E	SA	1.44562501736708E+018	2021
Lukaisin sattumoisin täältä twitterversumista, että meneillään on #murreviikko . Niin hihkaisenpa vain, että meinasin valmistautua kohta_puoliin seuraavaa Petrocultures-seminaaria varten katselemalla käsiini semmoisen opuksen kuin Carbon Democracy.	E	SA	1.44562428504159E+018	2021
Olethan sinä jo hakenut meidän @@ koulutustukea tai ainakin testannut laskuria? #murreviikko #järjestökoulutus [url]	W	NA	1.44562083323841E+018	2021
Jos Pulp Fiction tapahtuisi Turussa. - Sano “kuinka” vielä kerran. - Kuinka? - Sano “kuinka” vielä. Et sinä mitään “kuinka” sanoisi vielä kerran! Sano “kuinka” vielä yhden jumalan kerran! #murreviikko	W	SW	1.44561686829579E+018	2021
Mitä, pitääkö selvitykset säilyttää? #tilaajavastuu #savo #murreviikko [url]	E	SA	1.44560724373142E+018	2021
@@ @@ Metsässä on mukavaa	W	NO	1.44546196219687E+018	2021
Mukavaa tiistai-iltaa koko Twitter-kansalle! Nyt_vietetään murreviikkoa että ei_kun kahvia ja pullaa vain sen kunniaksi! Hienoa, kun on tämmöisiä murteen elvyttämisviikkoja[emoji] #nivala #murreviikko [url]	W	NO	1.44545897457315E+018	2021
@@ Voitko_sinä selittää mitä nuo kehtuuttaa ja kopeuttaa tarkoittavat? Eihän tuosta saa mitään selvää.	W	NO	1.44545148491774E+018	2021
Harvoin se saa verotus ihmisen hymyilemään, mutta nyt saa! Tämä on hyvä[emoji][emoji]! #murreviikko [url]	E	SA	1.4454472500129E+018	2021
@@ @@ Dee-kirjain. Made kun on padassa niin sitten tohdin kuluttua syömään.	W	TA	1.4454410661409E+018	2021
Onko mitään lappuja? #tilaajavastuu #murreviikko #turku [url]	W	SW	1.44542620374626E+018	2021
#murreviikko @murreviikko Haaste! Mitkä on teille hauskimpia/omalaatuisimpia/suussa kivasti istuvimpia, teidän omia lempparisanoja teidän murteella/puhekielellä? Minä aloitan! [emoji]	W	TA	1.44541842821972E+018	2021
3/3 Ja jos nämä eivät vielä tästä auennut, niin älä hyvä ihminen luovuta. Katso tuosta alta vielä meidän arvovideo. Siinä on liikkuvaa kuvaa ja selkokieltä. Ja pistä hakemusta tulemaan. Tiedä vaikka pääsisit haastateltavaksi.  #murreviikko	W	TA	1.44538455391747E+018	2021
2/3 Jaa mitkä ne meidän arvot sitten on? No ne on_nämä:  Kyllä me nyt rohjetaan.  Meidän pipo ei kiristä.  Kyllä me toisistamme huolehditaan.  #murreviikko	W	TA	1.44538414601301E+018	2021
1/3 Nyt vietetään #murreviikko a. Vaikka pirkanmaalainen ollaankin, niin sen_verran ollaan kosmopoliitteja että meille kelpaa junantuomatkin. Tampereen kielen puhuminen ei meillä Tuomessa ole pakollista, mutta kovasti toivottaisiin että meidän arvot sykähdyttäisi jotain tuolla rinta-alassa.	W	TA	1.44538380083857E+018	2021
Opo hei, tule nyt ihan itse katsomaan: #Oposeminaari 8.10.2021 klo 9-14.15 #Murreviikko #OpintoOhjaaja Ilmoittaudu mukaan tapahtuman sivuilta: [url] [url]	W	TA	1.44538077243784E+018	2021
Vaan oliko se #murreviikko? No toki, kyllähän sitä saattaa kainuuksikin välillä twiitata. Vaikka en minä millään ikää näin leveää kainuuta arkipäiväisesti puhelekaan.  Enemmänhän sitä tarvittaisiin arvostusta murteillekin. Tympäisee kun pidetään jotenkin sivistymättömänä näitä.	E	SA	1.44537999110201E+018	2021
minun täytyy kyllä myöntää että ei minulla oikein ole mitään kontrollia siihen mitä murretta minä puhun, satunnaiset porit kuulen usein itsekin mutta muuten olen ihan epätietoinen #murreviikko	W	SW	1.44537536466716E+018	2021
Jaa minä vai? Minä mitään murretta puhu #murreviikko	W	SW	1.44537141783138E+018	2021
Kyllä tämä on ihan mahdottoman hyvä, että verottajakin on huomannut, että nyt on #Murreviikko [url]	W	TA	1.44537015156673E+018	2021
minä ainakin puhun nykyään paljon enemmän tätä turun murretta kuin lapsena. kyllä minä pienenä taisin puhua joko semmoista varsinais-suomen peruspuhekieltä tai sitten vallan kirjakieltä kun se oli minun mielestä niin paljon hauskaa. tietysti sitten pienenä mummolassa käydessä puhuttiin paljon karjalan murretta. [url]	W	SW	1.4453630150088E+018	2021
Minä en ole jotenkin ikänä kiinnittänyt omaan puheenparteen huomiota, muistan vain kun pienestä pitäen aina sukulaisissa minun murre vahveni. Sen huomasi kun serkut ja isovanhemmat puhui eri_lailla (/”vahvemmin”) kuin itse, niin sitten itsekin alkoi vääntää. ja väännän yhä [url]	W	SW	1.44535978293691E+018	2021
mutta niin kuin tattista vain siihen suuntaan @murreviikko! murteet on ihana juttu, tosi kiva kun tällaista järjestetään [emoji] saisi kyllä olla enemmänkin jos minulta kysytään [emoji] mutta toisaalta, minä nyt olen tämmöinen kun tykkää kiinnittää toisten murteisiin huomiota (ja omaan kanssa, kun niin_kuin mikä ihme lounaissuomimix tämäkin on)	W	SW	1.44535922316095E+018	2021
Murreviikko on_muuten mun lempiasia twitterissä tällä viikolla. Vasta kun oikein yritän kirjoittaa sillä_tavalla kuin minä oikeasti puhunkin, niin huomaan että kuinka murteella minäkin oikeasti loppu_viimeksi väännän.	W	SW	1.44535306195895E+018	2021
Tämä on karmean kiva. Kiitos .@@ #murreviikko .@@ [url]	W	TA	1.44535020339408E+018	2021
Se on meinaan sillä_tavalla että kyllä hesalaistuneen sydänhämäläisen ärrät pärisevät paljon enemmän sitten kun_on toisten tamperelaisten kanssa puheissa. Ketkä muut täällä twitterissä on Tampereelta tai jostain sieltä kotoisin?  #murreviikko	W	TA	1.44533543847083E+018	2021
Junantuomat erottaa täällä siitä, että yksikään tamperelainen ei sano “nääs” eikä “Manse”.  #murreviikko	W	TA	1.4453352184628E+018	2021
Päivä on mennyt ihan tiedolla_johtamisen ja tietojohtamisen kanssa. Aamulla olin följyssä .@@ kanssa .@@ seminaarissa ja nyt mietin .@@ ja .@@ ja .@@ .@@ sekä monen muun innokkaan kanssa että mitä tuolle ESR-hommalle tarvitsisi tehdä #murreviikko	W	SW	1.44533342862332E+018	2021
@@ Minä fundeerasin semmoisia, että jos maar kaikki italialaiset on kumminkin veronalaisia niin mitä me suomalaiset sitten ollaan? #murreviikko #asiakaspalveluviikko	W	SW	1.44532591537918E+018	2021
@@ Meillä täällä Melassa väännetään monenlaisia murteita joka puolelta Suomea, mutta valitaan nyt tällä kertaa Pohjanmaan murre kun se on niin selkeä eikä kenellekään jää mitään epäselvää mitä on sanottu. #murreviikko	W	SO	1.44532056887047E+018	2021
@@ Minun murre tulee heti esiin kun praataan jonkun perheenjäsenen kanssa, mutta en minä sitä turkulaisille oikein osaa puhua. Se on minusta visto kun omat lapset sanoo että “katsoin ja tipuin” tai kysyy että “ketä haluaa ulos?” [emoji] #murreviikko	W	BN	1.44530596195098E+018	2021
Eilen kun osa somesta oli jumissa ja ihmettelin sitä, minä tulin Twitteriin katsomaan, mitä täällä puhutaan siitä ja täällä olikin murreviikko kovassa vauhdissa. Voi kauhea paikka, kun se meinasi mennä ohi! Onneksi vielä kerkeän. #murreviikko #kieli	W	NO	1.4453040147537E+018	2021
No nyt! Minä hytkyn jo meinaan naurusta kun minä odotan teidän fiksusti muotoiltuja kysymyksiä. Murteet on vaan niin hienoja, muutkin kuin Tampereen kieli. #murreviikko [url]	W	TA	1.44530012906659E+018	2021
@@ Muistan, kun lukion äikänope joutui sanomaan meille, että televisio kirjoitetaan ihan oikeasti televisio eikä telvisio. Jotkut meistä luuli että se toinen e on vain murretta, niin kuin ‘pelkäätkö sinä’. Mutta kyllä minä sen jo tiesin kun olin niin fiksu.	W	NO	1.44529387662604E+018	2021
@@ Minä muistan, kun kesätöissä etelässä hoksasin, että kaikki muut puhuu ihan oudosti ja minä olin ainoa tolkun ihminen. :D Totta sitä kakarana jo ainakin välivokaaleja viljeltiin ja sanottiin -oa/-eä (maitoa, hirveä). “Voitko_sinä alkaa” oli se lause, millä haettiin kaveri leikkimään.	W	NO	1.4452913862957E+018	2021
@@ Minä olin lapsena paljon vanhojen sukulaisten luona. Siellä puhuttiin murretta, mutta ei se minuun tarttunut. Vasta rippikoulussa joutui murretta puhuvien nuorten ihmisten sekaan niin että alkoi itsekin puhua.	W	NO	1.44529010171886E+018	2021
@@ En minä ole Suomessa asunut muualla kuin tässä Oulun ympäristössä (ulkomailla paljon enemmän). Mutta en minä puhdasta Oulun murretta puhu, vaan isovanhempien puheesta on tullut keskipohjalaispiirteitä. Etelän lomamatkoilla ei tarttunut mitään murteita, kun minusta ne kuulosti ihan pöljiltä.	W	NO	1.44528672285039E+018	2021
Lapsena minulla oli hirveen voimakas murre. Päiväkodissa nauroivat aina hoitajat sille ja 14 vuotta myöhemmin nauroivat siskonikin samanlaiselle puheelle. Koulussa sitten heikkeni oma murre, mutta kylläpä sen vieläkin heti huomaa varsinkin semmoiset, jotka ei itse savoa haasta. [url]	E	SA	1.44528380486063E+018	2021
@@ Olen asunut ikäni murteiden risteämiskohdassa, minkä takia Kainuun murre ei ole ollut sitä leveintä. Mutta kyllä lapsena jo sitä puhuttiin murteilla. Armeijassa huomasi vasta, että miten murteella puhuukaan, kun tuli muualta poppoota.	E	SA	1.44527991304135E+018	2021
@@ @@ @@ Oho! Melko kauheasti hoota. Ei niitä nyt ihan päntiönään pidä panna. Näyttää enemmän siltä kuin olisi viinapäissään kirjoittanut, kun on niin paljon -sh-yhdisteitä.  Vaan hyvää se on tarkoittanut. Eikä ole omankaan murteen kirjoittaminen helppoa, sen olen #murreviikko n aikana hoksannut.	W	BN	1.44527832457454E+018	2021
Murreviikon kunniaksi #eurajokinen hetki per päivä. Mummoni mökkirannassa toteamassa: “Mene hakemaan vati ja laiturille pesemään perunoita.” #murreviikko	W	SW	1.44527379886186E+018	2021
Päivän puheenaihe: puhuuko lapset nykyisin murretta? Mitä tapahtuu kun he menevät kouluun? [url]	E	SA	1.4452733598482E+018	2021
Piisaako pöydässä piimä ja potaatit? Mitenkä vanha asia se ensimmäinen huilunkannantipäivä oli? Murreviikolla voit tutustua näihin ja muihin murrenäytteisiin esimerkiksi teoksessa Suomen kansan murrekirja: itämurteet (WSOY 1945). #murreviikko #finnishdialectweek #ueflibrary [url]	E	SA	1.44526857588387E+018	2021
Tällaista tulee itäisestä Suomesta @@ Entäpä   @@ @@ @@ @@ @@ @@ @@ @@ @@ @@ @@ @@ @@ ?#murreviikko #yliopistot [url]	W	SO	1.44526257760968E+018	2021
@@ Vaan äläpä mitään. Onhan meillä @Vuplake. Sillä kutjakkeella kieli se kääntyy niin kuin rupeli. Kerrassaan melkoinen savolaisuuden multihuipentuma koko ukko. Lieköhän tuo muljauttaisi jotain velmua kun nätisti osaisi pyytää? #murreviikko	E	SA	1.44526107214395E+018	2021
@@ Vaan mitäpä se hyväjää… [emoji]	E	SA	1.44524112409704E+018	2021
Minä kuitenkin olen sitä mieltä, että #murreviikko on joka viikko.  Ja siitä minä_olen varma, että minä ja Tuiskun Antti emme koskaan sano “minulle”, vaikka toimittajat Antin suuhun tuon aina lehtijutuissa pistääkin.  Ei ole kuulkaa se ja sama tuokaan, ainakaan minulle.  #rovaniemi	W	BN	1.44523464763453E+018	2021
Huomenta sinullekin! Ottaisitko sinä vähän kahvia, vaikka_ei nyt olekaan mikään kamalan kekkeä keli. Täällä meinaan sataa nyt.  Jaa, minun tarvitsee vissiin pistää pannua hellalle, kun_minä sen kahvin otin kerran puheeksi…  #Murreviikko	W	TA	1.44522412528758E+018	2021
Aika usein ajatellaan, että pääkaupunkiseudulla ei puhuta murretta (paitsi slangin puhujat), ja onhan tämä vähän kirjakielistä, mutta kyllä minä laskisin tämän murteeksi ilman tätä pientä hämäläisvaikutettakin. #murreviikko	W	TA	1.44512830257494E+018	2021
Ei kai tässä voi kuin Twitterissä aloitella tätä murreviikkoa, kun_ei Facebookissa pysty. [url]	W	NO	1.44512179076699E+018	2021
En_minä kyllä osaa tähän mitään hauskaa sanoa, ja vähän myöhässä tulen mukaan näihin juhliin. Mutta näin minä pruukaan puhua. Hienoa kun rohkaisette ihmisiä murteen käyttöön. [url]	W	NO	1.4451200591779E+018	2021
@@ Voi mahdoton, murreviikon mätkäytti! Eipä kai se auta kuin mälkytellä menemään.	E	SA	1.44511670097478E+018	2021
@@ @@ Saattahan se niinkin olla.	E	SA	1.44510794038245E+018	2021
@@ Nythän me saadaan kaikki lukea rauhassa, kun Facebook’kin kerta meni kyljelleen. #murreviikko	E	SA	1.4451076338501E+018	2021
Se meni naamakirja nenälleen sitten… Mitä me nyt tehdään? Kai twiittaillaan murteilla, saadaan jotain iloa tähänkin iltaan. #murreviikko	E	SA	1.44510757169055E+018	2021
Jaa että #murreviikko! No sehän passaa. Toivottavasti mahdollisimman moni lähtee tähän mukaan![emoji] Minä nyt ainakin yritän kirjoittaa niin kuin minä puhunkin. [url]	W	TA	1.44510728006889E+018	2021
@@ @@ Vaan saattaahan tuo käydä päinvastoinkin?	E	SA	1.44510709812423E+018	2021
Minä en ala. Minä vihaan jokailtaista koneen äärellä tuhottamista. Minä haluan lukea ja katsoa Netflixiä. #murreviikko #pimeäaika	E	SA	1.44510653702706E+018	2021
@@ No pitääkö se koko viikko lottuuttaa ja vääntää? Kyllä se minulle passaa mutta saattaa seuraajat vähetä loppuviikkoon mennessä.	E	SA	1.44510648970688E+018	2021
Minä kyllä olen sitä mieltä että ei vielä mitään jouluvaloja saa tähän aikaan laittaa. Semmoisia on pruukattu meillä laittaa vasta sitten ensi kuussa. Ja muutenkin tuota_noin tiedätkö_sinä ei sitä joulua saa ylikuluttaa. Sano sinäkin nyt jotain. [url]	W	SW	1.44510624552709E+018	2021
Ei_kun näet semmoista asiaa minulla vain oli että tämä on minusta tosi hyvä idea! Minä mukkasin tänään_rotvallin_reunaan_mutta pipo ei lentänyt. Isältä ja äidiltä minä olen perinyt Tampereen murteen niin_kuin sillä_tavalla_vai mitä? [url]	W	TA	1.44510600737455E+018	2021
Minua on ruvennut harmittamaan, että minä en osaa oikein mitään murretta kunnolla, koska en ole oikein mistään kotoisin. Sukujuuret on siellä täällä ympäri Suomea. Pienenä ja nuorena minä asuin Pirkanmaalla, opiskeluajoista asti Turussa. [url]	W	TA	1.44510558174485E+018	2021
Minä nyt_sitten tulin tänne kun muut palvelut on mäsänä. [url]	W	TA	1.44510459668322E+018	2021
Pitääkö tässä nyt vai ruveta puhekielellä twiittaamaan? En_minä nyt sitten tiedä että muuttuuko tässä nyt kauheasti mikään. [url]	NA	NA	1.44510245460183E+018	2021
Tänään on #eläintenpäivä! Minä tein @SEY_ry:n koirankoulutustestin jossa oli että koiralle on tärkeää saada tehdä omaa elämää koskevia päätöksiä. Se on just näin. Tänään minun karvakorva sai päättää, mihin suuntaan lähdetään iltapäiväkävelylle. Minun kodissa joka viikko on #murreviikko [emoji]	NA	NA	1.44510195876797E+018	2021
@@ Nyt minäkin älysin, että oikein murreviikko ja vääntäminen alkoi nyt justiinsa. Saattaa tulla lystiä tai saattaa olla tulematta.	E	SA	1.44510191300394E+018	2021
Sitten mennään! Minä meinasin että käväisen huomenna ruokakaupassa oppitunnin jälkeen. Toivottavasti muistan, minä pruukaan unohdella hommia liiankin helposti. Pitäisi vielä opiskellakin kaiken päälle. No eiköhän tämä tästä! Huomiseen! [url]	W	TA	1.44510180810444E+018	2021
@@ Suomen Ateenassa saa tosi hyvää näköalaa eri murteisiin (paitsi Turku).	E	SA	1.44509800592173E+018	2021
En ole pitkiin aikoihin mitään twiitannut. Osaakohan sitä enää murteella edes puhua saati kirjoittaa? [url]	W	SO	1.44509431264416E+018	2021
Tykkään kyllä ihan mahdottomasti elinkirjosta ja näistä murreviserryksistä, kiitos @MikaelNiku! Tulee heti melko kotoisa olo. Aivan älytöntä laittaa kaikki samaan muottiin, vaikka voitaisiin ihan hyvin pitää huolta omanlaisistaan elävistä. #murreviikko #kuusamo [url]	E	SA	1.44509325221497E+018	2021
@@ No enpä taida enää osata, katso kun en ole pitkään aikaan asunut kotiseudulla ja ulkomailla sitä rupeaa se oma kieli kummasti kangistumaan niin_kuin laiha punatulkku pakkasilmalla. #murreviikko	W	NO	1.44509087696808E+018	2021
@@ Stadilainen voi käydä skugessa tsiigaamassa heinähattuja, mutta bamlaa niin_kuin aikaisemminkin.	W	HE	1.44509080088761E+018	2021
@@ Oletko Seppo huomannut jotta on menossa @murreviikko? Murre ja murre, mitä mieltä olet onko koirillakin murteita?	E	SA	1.44508627158039E+018	2021
@@ Minä_ole tiennytkään tämmöisestä murreviikosta. Minä pidän, että_ei se_ole helppo kirjoittaa murteella, mutta täytyy yrittää. Se_olisi rohki mieleistä, kun toiset koittaisi arvata, mistä päin tekstin kirjoittaja on poissa. [emoji] #murreviikko	W	BN	1.44508173806202E+018	2021
Murreviikko. Ihan ekaksi täytyy sanoa että aion kutsua ratikkaa spåraksi sitten Mansessa ja otan turpaan ihan mielelläni sen takia. Mutta en tajunnut että minulla_on mitään murretta, edes kun muutin Kotkaan ja täällä_on vähän erilainen tämä puhe kuitenkin vaikka tietyllä_lailla samanlainen, jätetään loppuja veks 1/*2	W	TA	1.44507878426112E+018	2021
#murreviikko käynnissä. Koska täällä Jyväskylässä ei puhuta niin selkeää murretta, palaan lapsuuden kielimaisemaan. Kuvailenpa tutkimustuloksiani:  Ammatti-ihmiset kirjoittaa tukea tarvitsevista lapsista ja niiden eri tuen muodoista väärin. Kirjoittamisen laatu vaihtelee.	E	SA	1.44507498340799E+018	2021
Onkohan kaikki Zuckerbergin pilvipalvelimet pyllyllään? #murreviikko #pilvipalvelin	NA	NA	1.44507456892274E+018	2021
@@ Ai niin. Tällä viikolla piti twiitata omalla murteella. Lähdetkö sinä mukaan?	E	SE	1.44507406369358E+018	2021
Harmillista että tällaista puhdasta kirjakieltä puhuva ex-jyväskyläläinen ei oikein voi osallistua #murreviikko’on [emoji]	E	SA	1.44506894532989E+018	2021
On maar niin_paljon monta asiaa yhdessä viikossa tällä viikkoa. Niin kuin elukoiden viikko, elokuvaviikko, imetysviikko, luki-viikko ja sitten vielä tämmöinen murteisiin puhumisen viikko. Että kuinka sitä oikein ehtii kaikkia edes fundeeraamaan.  #murreviikko	W	SW	1.44506874235501E+018	2021
@@ En tiedä saatanko kun en_minä nykyään oikein osaa mutella pännätä hyvä, että porista. #murreviikko	W	BN	1.44506845280965E+018	2021
Minä olen kotoisin Pohjois-Karjalasta, mutta sillä kun minä muutin Etelä-Suomeen oli iso vaikutus minun murteeseen. Enää en osaa sanoa edes “minä” vaikka kovasti väitin että siitä minä en luovu. Aika alussa minä luovuin muodoista “me” ja “te”. [url]	E	SA	1.44506527088472E+018	2021
Nyt on sangen kiinnostavaa nähdä kuinka @@ tähän murreviikkoon reagoi #turku #tampere #josmuuniinmikä #murreviikko [emoji] [url]	W	TA	1.44506491355947E+018	2021
Eriarvoisuuden vuosisata [emoji] Maailmanlaajuisesti on julmat luvut; niin maiden välillä kuin sisälläkin. Nyt ei ole aikaa vötkyillä vaan nyt pistellään rätingit sille mallille, että sosiaaliturvaa, terveydenhoitoa ja opetusta on ihan jokaiselle. Muutoin on tiedossa rytinää. #murreviikko [url]	E	SA	1.44506486170528E+018	2021
Lahdesta terve! [url]	NA	NA	1.44506350965033E+018	2021
Voi tokkiinsa, pitäisikö se haastella savoksi kokonainen viikko? Enpä taida kehdata, kun automaattinen korjaus säätää koko ajan väärin ja joudun jäljestäpäin korjaamaan jokaisen sanan. Raskaaksi käy semmoinen twiittailu. #murreviikko [url]	E	SA	1.44506188743205E+018	2021
Minun_mielestä tämä on hieno homma! #Murreviikko [url]	W	TA	1.44506116081492E+018	2021
@@ @@ @@ @@ No ainakin meidän yksikössä on ollut aina tosi tasa-arvoinen meininki kun professorit ja maisteriopiskelijat analysoi aineistoja yhdessä. Se luo yhteenkuuluvuutta ja tunteen että myös opiskelijan ajatukset on tärkeitä. Tietty ne tutkintovaatimukset voi olla vähän haastavia. (#murreviikko).	NA	NA	1.44506096083471E+018	2021
#murreviikko! Cool! Yleensä minä kirjoitan eteläpohjanmaan murteella aina kun on mahdollisuus, koska se on niin_kuin minun toinen kotikieli. Mutta onhan mun oma uusimaakin murretta. On muuten yllättävän vaikeaa kirjoittaa puhekielellä kun on tottunut pistämään kaikki pilkut ja päätteet paikoilleen [emoji]	W	TA	1.44505971176683E+018	2021
#murreviikko’n päätteeksi oikein hyvää yötä ja mukavaa tulevaa maanantaita jokaiselle täällä twitterissä [emoji][emoji][emoji] [url]	E	SA	1.58172638624646E+018	2022
#Murreviikko lopuillaan. Olen asunut monessa paikassa mutta pisimpään Vantaalla. Vaikka siitä ei tullut koskaan minun henkinen koti, oma murre on kuitenkin aika eteläisen kuuloista. Millaista on Helsingin puhekieli ja minne se on menossa? @@ kertoo. [url]	W	TA	1.58161550302545E+018	2022
@@ Tuleehan se aina takaisin aika helposti, mutta ei sitä osaa enää aivan niin luontevasti puhua, kun on jo yli kaksikymmentä vuotta asunut muualla.	W	SO	1.58116969275212E+018	2022
Kun_me asuttiin kauempana, niin tuo minun mies sanoi aina autossa, että viimeistään Orivedellä alkoi puhe muuttua. Vaikka_ei siellä autossa kukaan muu kyllä mitään puhetta muuttanut, kuin minä vain.  Kyllä meillä kotona kakaratkin osaa sanoa, että “ihan varmana”. [url]	W	TA	1.58113355711993E+018	2022
Murteet on hienoja, mutta poria en ole vieläkään kunnolla oppinut. “Tule nyt sinäkin tai mene nyt vatsallesi” tai “kun menet Poriin, pannaan sinut pärekoriin ja vedetään pitkin Porin toria että ahteri sanoo horiloria.”  Olette te ihmellisiä otuksia. #murreviikko	W	SW	1.58099125751332E+018	2022
@@ Kun sain omat lapset, niin minä niille aloin puhua sillä lailla kuin minulle pienenä puhuttiin, niin että kerran neuvolan aulassa tuli hoitaja kysymään että mistä päin Savoa te tulette ja minä olin ihan että no Helsingissä olen syntynyt.	E	SA	1.58086575645957E+018	2022
Oho, meinasi tämä #murreviikko unohtua kun oli tällä viikolla niin_kuin snadisti muutakin härdelliä. Mut hei tässä tärkeimmät eli tajuatteko että koodia duunataan siis aivan joka paikassa, ei vain Stadissa vaan böndelläkin! Niin_kuin jossain Joensuussa ja Oulussa [emoji]  #KoodiaSuomesta [url]	W	HE	1.58085871516236E+018	2022
Eipä hötälehditä! Kuopiossa ainakin iltapäiväkahvia (tai teetä eli saikkua) ryystetään vasta kahden kähmällä eikä heti puolipäivästä. Muuten menee maailmankirjat ihan sekaisin! Koirat menee kissojen kanssa naimisiin ja planeetat törmäilee niin että rytisee! #murreviikko [url]	E	SA	1.58085197874555E+018	2022
Nyt sitä kahvia, vaikkapa Twitterin murreviikon kunniaksi. Vai sittenkin kahvia tai kahvia? Höystykkeeksi voit joka tapauksessa nautiskella Kotuksen murresisältöjä. [url] #murreviikko #kotusvinkki #murteet #murresanat #kahvia #nonniih [url]	E	SA	1.58084957203713E+018	2022
Lätkäisin tälle päivälle tällaisen puheenaiheen joka tuli mieleen siitä kun olen huomispäivänä lähdössä koti-Kajaaniin. Siellä pitää ruveta tyhjentämään entistä kotia niin että kohta Kajaani on pelkkä Kajaani ja enää vain henkinen koti. [url]	E	SA	1.58084805092248E+018	2022
#Murreviikko on jo perjantaissa. Millaisia kokemuksia teillä on siitä, palaako murre omaan puheeseen silloin kun menette käymään entisellä kotipaikkakunnalla? Tai tuleeko omaan puheeseen murretta jos puhutte puhelimessa vanhempien tai isovanhempien kanssa? [url]	E	SA	1.58084746063712E+018	2022
Käytkö_sinä teatterissa, museoissa tai kuuntelemassa musiseerausta? Meinaan täällä Tampereella.  Nyt tarvitsisi vastata kyselyyn.  Sen jälkeen kannattaa mennä Hildenin Saran museoon kyyläämään Brad Pittin taidetta.  #murreviikko #Tampere #kulttuuri  [url]	W	TA	1.58081609407533E+018	2022
@@ @@ Elämä Savossa on yhtä hauskanpitoa sanoi hämäläinen [emoji].	W	TA	1.58065204996827E+018	2022
@@ Miten se onkin savolaismurre joka kukkii huumorissa. “Ei paljon naurata, sanoi savolainen kun anoppi hukkui.”	E	SA	1.58064198370578E+018	2022
#Murreviikko jatkuu joten minä ja @@ jatkamme #Murremyytinmurtajat podcastin nostoja. Oletko_sinä tykästynyt Rosa Liksomiin? Entä tykkäätkö_sinä Katja Ketun kirjoista? Ota veikkosten kuunteluun jakso Everstinnan ja Kätilön murteenkäytön lukijakokemuksista [url]	W	BN	1.5806145524543E+018	2022
@@ Olenkohan minä sittenkään originelli joensuulainen kun minun syntymäkotikunta on Kiihtelysvaara… Tuossa minut on mäellä ponnistettu maailmaan mutta minun Joensuusta puuttuu kokonaan ii-kirjain [emoji]… Minulle #Joensuu on ihan vain Joensuu - murteellakin [emoji] #murreviikko	E	SA	1.58056428628321E+018	2022
Minä en oikein savoa osaa, vaikka olen Savonmaalla kesiä viettänyt, mutta Marjattapa osaa, kun on niitä tutkinut. #murreviikko [url]	E	SA	1.58053588605564E+018	2022
Miten teidän työpäivä on mennyt? Minä olen ollut innostavissa palavereissa. Toisessa startattiin uutta ja toisessa kerroin yhdestä esiselvityksestä. Ja sitten muuten olin vähän hajamielinen… #murreviikko #virkaelämää	W	SW	1.58052619524167E+018	2022
Minua aina vähän huvittaa se vitsi jonka mukaan Kajaanissa oli alkujaan kolme jiitä mutta sitten yksi vietiin Joensuuhun. Joensuussa ei jiitä tuohon nimeen panna, sehän on täällä Joensuu. Mutta eihän hyvää vitsiä pidä pilata tosiasioilla [emoji] [url]	E	SA	1.58049462398605E+018	2022
Otettaisiinko tänään puheenaiheeksi murrevitsit ja murrematkimukset? Sellaiset kuin “hauskannäköinen tyttö” tai muut vastaavat. Mitäpä vitsejä muistatte? [url]	E	SA	1.58049402381013E+018	2022
#virkaelämää #murreviikko Minä hommasin tänään itselleni uuden lemmikin. Tämä on aika mukava, seuraa kiltisti perässä [url]	W	NA	1.58049311534103E+018	2022
[emoji] [emoji] Tiesitkö sinä että nyt on #murreviikko? Me ollaan Oulusta, mutta meillä on porukkaa ympäri Suomea, joten me käännettiin meidän banneri eri murteille! [emoji] [url] [emoji] Miltä työnantajasi/yrityksesi slogan kuulostaisi sinun murteella?	W	NO	1.58046907357373E+018	2022
Ihanaa, jotta tällainenkin kirja on julkaistu! Vähän vaikealta se silti tuntuu murteella lukeminen. Ja kirjoittaminen vielä vaikeammalta. Pitää kyllä ruveta harjoittelemaan. #murreviikko #murteet #eteläpohjanmaa [url]	W	SO	1.58025879389172E+018	2022
Käväistiin Kalliossa katsomassa auringonlaskua ja kokeilemassa, kuinka kylmä tuo syystuuli oikein jo on. Kyllä se kylmä on. #murreviikko [url]	W	SW	1.58022661501526E+018	2022
Nyt kun on tämä Twitterin murreviikko niin eikö voisi noista työsuojeluasioista twiitata Tampereen kielellä sieltä Teknopoliksesta @STM_Uutiset-työosastolta? Minä olen itse lomalla niin en_viitsi. #murreviikko #työsuojelu [url]	W	TA	1.58017327987232E+018	2022
@@ on se ilmoja pidellyt sitten Partaskakin ja tolkun projektihommissa tainnut päivät päästellä menneinä aikoina?  Itsellä noita projekteja on ollut piisalle asti ja heti kaikki aloittamista vaille valmiita. #murreviikko Hola bon dia [emoji] #katalaani	E	SA	1.58017223482754E+018	2022
Neljän vuoden Porissa asumisen jälkeen murre on tarttunut niin hyvin että muualla minua luullaan syntyjäni Porilaiseksi. #murreviikko	W	NA	1.58016936315572E+018	2022
@@ Jos on talven uintisesonki alkanut niin kesän soutusesonki on loppunut #murreviikko [url]	E	SA	1.58016620530201E+018	2022
#murreviikko Unohtui eilen täällä pääseinällä ilmoittaa, että se on talviuinti kausi alkanut. Tuulta oli ja sadetta, jotta oli sääolosuhteet siltä osin kohdallaan.	E	SA	1.58015947622908E+018	2022
ai #murreviikko? okei odota hetki meen laittamaan vedenkeittimen päälle	W	SO	1.58013609304301E+018	2022
@@ Tulee mieleen ainakin Vanhan testamentin eksegetikaan professori Martti Nissinen Helsingin yliopistosta. Savolainen, aina. #murreviikko	E	SA	1.58013564990222E+018	2022
Täällä on ilmeisesti taas #murreviikko. Minä olen miettinyt että kannattaisiko sanoa mitään, kun ei minun kotipuolessa siellä Pohjois-Kymenlaaksossa varsinaisesti mitään tunnistettavaa murretta ole. Ainakaan samalla tavalla kuin jossain Savossa tai Porissa. Tai jos on niin en minä siitä ole ainakaan ikinä kehuja saanut.	E	SE	1.58013476233297E+018	2022
Aika kovat kandidaatit on nyt vuoden nimi -kilpailussa. #murreviikko-teemalla tykkään erityisesti eläinsairaalasta jonka nimi on Savon Murre [emoji] [url]	E	SA	1.5801325200832E+018	2022
En pääse yliopistolla #murreviikko-tilille joten heitän uuden keskusteluaiheen omana itsenäni. Tuleeko teille mieleen ihmisiä joiden murteenkäyttöä olette ihaillut? Minulle yksi sellainen on ollut historiantutkija Veijo Saloheimo joka käytti murretta yliopistollakin. 1/*2	E	SA	1.58011924955284E+018	2022
@@ Niin, tämänhän pitäisi mennä niin_päin, että ensiksi toimivalla inkluusiolla erityisluokkien tarve vähenee. Sitten ne lopetetaan, kun niille ei ole enää ketään tulossa. Ei sillä_tavalla, että ensin lopetetaan lasten luokat ja sitten aletaan ihmetellä että minnekä nämä nyt pannaan. (#murreviikko)	W	TA	1.58011363098029E+018	2022
Ennen_kuin itse alkaa tekemään selkotekstejä, kannattaa katsoa, mitä ja miten muut on tehnyt selkokielellä [url]. Selkokielessä on paljon samaa kuin selkeässä yleiskielessä, selkojulkaisuja lukiessa näkee, mitä eroja niissä on. #selkokieli #murreviikko 4/4	W	NO	1.58009107329611E+018	2022
Pelkästään lukemalla voi olla vaikea päästä alkuun, selkokielen koulutuksissa pääsee itse kokeilemaan selkokirjoittamista tai -puhumista. Koulutuksista lisää [url] ja [url]. #selkokieli #murreviikko 3/*4	W	NO	1.58009107046531E+018	2022
Selkokielellä kirjoittamisesta ja puhumisesta on myös oppaita. Leealaura Leskelän Selkokieli - Saavutettavan kielen opas (Opike 2019) ja Ari Sainion Avaimet selkokieleen (Opike 2022) on hirveän hyviä apureita, paljon esimerkkitekstejäkin molemmissa. #selkokieli #murreviikko 2/*4	W	NO	1.58009106780581E+018	2022
Ajattelin murreviikon kunniaksi koota omalla kotimurteellani muutaman vinkin, mistä lähteä liikkeelle, jos selkokieli kiinnostaa. Selkokeskuksen sivuilla on hirveästi tietoa selkokielestä ja selkomateriaaleista [url]. #selkokieli #murreviikko 1/*4	W	NO	1.58009106475689E+018	2022
@@ Siinä onkin kädet täynnä työtä kun funtsii mitä savolaiskutjake solkottaa! Puhuuko se kädestä vai käestä? Auttaisikohan ees kädestä pitäen opastus? [emoji] Täällä kalakukkojen kaupungissa on useita soluttautujia, joilta kelpaa kysyä. Niin_kuin @@ ja Ismailin Atik. #murreviikko	E	SA	1.58005748234434E+018	2022
Sottasin, jotta nämä saattaisi sopia, kun on #murreviikko’kin. Tykkäätkö? [url]	E	SA	1.58005620354712E+018	2022
@@ Minä on kyllä tuttu, kun minun äiti on Kymenlaaksosta ja itsekin olen aina pienenä sillä_viisiin sanonut. Kuitenkin täällä Etelä-Karjalassa se on minä eikä vissiin ikinä minä. Ja se mikä minusta on aika vinhaa, murreraja on ihan selvä, se menee Hujakkalan ja Muurikkalan välissä [emoji] #murreviikko	E	SE	1.58002062189097E+018	2022
Tervetuloa sote-alan kiellisen saavutettavuuden äärelle. Savolla kun sanon, niin kummalta kyllä kuulostaa [emoji] Sanonpahan kuitenkin, että vielä voi ilmoittautua, ja on siellä muitakin. @@ @@ @@ @@ #murreviikko [url]	E	SA	1.57994203166083E+018	2022
Tokko siellä enää sataa? Pitäisi käydä ulkona. #murreviikko	E	SA	1.5799124324491E+018	2022
Nyt on_vissiin joku #murreviikko	W	NA	1.57990596863239E+018	2022
#Murreviikko’na täytyy muistuttaa, että jos askarruttaa, mihin väliin se kuuluisa peräpohjalainen hoo pannaan, ja miksikä se ei piru vieköön tahdo osua kohdilleen jos ei murretta tunne kunnolla, ota kuunteluun tämä med @@ podcastimme avaus [emoji] [url]	W	BN	1.57990592959178E+018	2022
Minä romahdan [emoji][emoji] Peruin torstain #talohallitus’budjettisession. En vain enää jaksa kun joka ilta pitäis jotain exceliä vääntää työpäivän päälle putkeen. Ei irtoa ei, kertakaikkiaan. Tänään ennen kuoroa väänsin oopperalle tuotantobudjettia. Arvatkaapa laulattiko enää? [emoji] #murreviikko [url]	NA	NA	1.57990256969007E+018	2022
Meren rannassa tuuli. Tultiin töiden jälkeen hengittelemään ja ottamaan raitista ilmaa. Tästä sitä nauttii. Komeasti tyrskysi rantakiviin aallot. Arvatkaapa teinkö tulet? Tein. Kelpasi olla ulkona ja juoda teetä ja syödyä lämpimiä leipiä. #murreviikko #Rannalla #ulkonajokasäällä [url]	W	NO	1.57986582117811E+018	2022
Tänään on kansainvälinen tyttöjen päivä. Hyvää tyttöjen päivän iltaa kaikille tytöille! #murreviikko #tyttöjenpäivä	E	SE	1.57985544431904E+018	2022
Se olisi nyt menossa kysely sähköpotkulaudoista. Pankaas  vastaten että_ei tarvitse myöhemmin marista.  #murreviikko #osallisuus #sähköpotkulaudat #kysely #Tampere  [url]	W	TA	1.57981293378969E+018	2022
Taas mennään murreviikkoa. Viime vuonna ohjeistin, miten kirjoitetaan selkokieltä. Selkokielen pikaoppaan sinä löydät Selkokeskuksen sivulta [url] Selkokieleen murre ei hirveän hyvin sovi, kaunokirjallisuudessa voi pikkuisen käyttää. #murreviikko #selkokieli [url]	W	NO	1.57980486408303E+018	2022
Miten sinä, Tuula, osaat niin hyvin kirjoittaa tuota meidän murretta? Minulla menee puheessa melko hyvin, mutta kyllä tämä kirjoittaminen on vaikeaa. Murre on kyllä ihanaa [emoji] #murreviikko [url]	E	SA	1.57979537557752E+018	2022
Ei minulle_kukaan ole soittanut? Niin, ei sinulla mitään asiaa kumminkaan ollut?  Et suinkaan sinä minua tähän nyt tarvitse?  Kuinka sinä nyt tuommoista?  #murreviikko	W	SW	1.57979120778573E+018	2022
Nyt on semmoinen keli ulkona että pitää katsoa mihin astuu, ettei ole kenkä* passissa.  *=ei missään nimessä mitään äng-äännettä tähän #murreviikko	W	SW	1.5797736345617E+018	2022
Tampereella olen tottunut sanomaan että minä mutta moro en kyllä sano. Joku roti. #murreviikko	W	TA	1.57977293998538E+018	2022
Niin sitten Kotkassa minä totuin puhumaan näin että sanoissa ei ole loppuja oikeastaan ollenkaan ja kun on kuitenkin stadista alunperin niin ei se sillä_tavalla tuntunut miltään paitsi tuo minä. En tiedä onko tämä yhtään oikeata kotkaa sitten kuitenkaan mutta tulinpa nyt tähänkin sanomaan. #murreviikko	W	TA	1.57977244047313E+018	2022
Minun eteläpohjalainen iskä meni kerran huoltoasemalle kysymään, olisiko heillä myydä patteria, kun oli paristot loppu, ja myyjä vastasi, että löytyy vain Red Bullia. #murreviikko	W	NA	1.57976842803417E+018	2022
Että se mitä tästä nyt lähinnä nähdään on se, että kun uusi hoito keksitään niin se ottaa aikansa ennen_kuin se tulee yleiseen käyttöön ja Suomessa me on aika varovaisia tupattu siinä kohtaa olemaan. Ja tyttöjen tarkkaavuuden haasteissa on oltu turhankin varovaisia? #murreviikko 2/*2	E	SA	1.57973143259513E+018	2022
Tätä kuvaajaa kun katsotte niin muistakaa se, että nuo tavalliset adhd-lääkkeethän ne sai myyntiluvan Suomessa vasta silloin 2003 ja vielä 2007 meillä oli lääkeiden käyttö tähän vaivaan aivan mitätöntä esimerkiksi naapuripohjoismaihin verrattuna. 1/*2 #murreviikko [url]	E	SA	1.57973143017084E+018	2022
